Workbook

Sheet 热力图数据
A1: 星期 | B1: 时段 | C1: 地区 | D1: 渠道 | E1: 访客数 | F1: 订单数 | G1: 销售额 | H1: 转化率
A2: 周一 | B2: 09:00 | C2: 华东 | D2: 自然流量 | E2: 120 | F2: 18 | G2: 32600 | H2: 0.15
A3: 周一 | B3: 09:00 | C3: 华东 | D3: 付费投放 | E3: 30 | F3: 6 | G3: 11200 | H3: 0.2
A4: 周一 | B4: 10:00 | C4: 华东 | D4: 自然流量 | E4: 80 | F4: 12 | G4: 21800 | H4: 0.15
A5: 周一 | B5: 11:00 | C5: 华东 | D5: 自然流量 | E5: 96 | F5: 16 | G5: 28400 | H5: 0.1667
A6: 周一 | B6: 14:00 | C6: 华东 | D6: 私域运营 | E6: 142 | F6: 24 | G6: 42600 | H6: 0.169
A7: 周一 | B7: 15:00 | C7: 华东 | D7: 自然流量 | E7: 168 | F7: 32 | G7: 53600 | H7: 0.1905
A8: 周一 | B8: 16:00 | C8: 华东 | D8: 付费投放 | E8: 118 | F8: 20 | G8: 38400 | H8: 0.1695
A9: 周二 | B9: 09:00 | C9: 华南 | D9: 自然流量 | E9: 40 | F9: 7 | G9: 12800 | H9: 0.175
A10: 周二 | B10: 10:00 | C10: 华南 | D10: 自然流量 | E10: 200 | F10: 36 | G10: 64200 | H10: 0.18
A11: 周二 | B11: 11:00 | C11: 华南 | D11: 付费投放 | E11: 156 | F11: 25 | G11: 49200 | H11: 0.1603
A12: 周二 | B12: 14:00 | C12: 华南 | D12: 私域运营 | E12: 176 | F12: 34 | G12: 61200 | H12: 0.1932
A13: 周二 | B13: 15:00 | C13: 华南 | D13: 自然流量 | E13: 224 | F13: 43 | G13: 76800 | H13: 0.192
... A32: 周五 | B32: 16:00 | C32: 华南 | D32: 付费投放 | E32: 214 | F32: 42 | G32: 74600 | H32: 0.1963

Sheet 预期热力矩阵
A1: 热力图预期效果（访客数 sum）
A3: 行维度 | B3: 星期 | C3: 指标 | D3: 访客数
A4: 列维度 | B4: 时段 | C4: 聚合 | D4: sum
A6: 星期 \ 时段 | B6: 09:00 | C6: 10:00 | D6: 11:00 | E6: 14:00 | F6: 15:00 | G6: 16:00
A7: 周一 | B7: =SUMIFS(热力图数据!$E$2:$E$32,热力图数据!$A$2:$A$32,$A7,热力图数据!$B$2:$B$32,B$6) -> 150 | C7: =SUMIFS(热力图数据!$E$2:$E$32,热力图数据!$A$2:$A$32,$A7,热力图数据!$B$2:$B$32,C$6) -> 80 | D7: =SUMIFS(热力图数据!$E$2:$E$32,热力图数据!$A$2:$A$32,$A7,热力图数据!$B$2:$B$32,D$6) -> 96 | E7: =SUMIFS(热力图数据!$E$2:$E$32,热力图数据!$A$2:$A$32,$A7,热力图数据!$B$2:$B$32,E$6) -> 142 | F7: =SUMIFS(热力图数据!$E$2:$E$32,热力图数据!$A$2:$A$32,$A7,热力图数据!$B$2:$B$32,F$6) -> 168 | G7: =SUMIFS(热力图数据!$E$2:$E$32,热力图数据!$A$2:$A$32,$A7,热力图数据!$B$2:$B$32,G$6) -> 118
A8: 周二 | B8: =SUMIFS(热力图数据!$E$2:$E$32,热力图数据!$A$2:$A$32,$A8,热力图数据!$B$2:$B$32,B$6) -> 40 | C8: =SUMIFS(热力图数据!$E$2:$E$32,热力图数据!$A$2:$A$32,$A8,热力图数据!$B$2:$B$32,C$6) -> 200 | D8: =SUMIFS(热力图数据!$E$2:$E$32,热力图数据!$A$2:$A$32,$A8,热力图数据!$B$2:$B$32,D$6) -> 156 | E8: =SUMIFS(热力图数据!$E$2:$E$32,热力图数据!$A$2:$A$32,$A8,热力图数据!$B$2:$B$32,E$6) -> 176 | F8: =SUMIFS(热力图数据!$E$2:$E$32,热力图数据!$A$2:$A$32,$A8,热力图数据!$B$2:$B$32,F$6) -> 224 | G8: =SUMIFS(热力图数据!$E$2:$E$32,热力图数据!$A$2:$A$32,$A8,热力图数据!$B$2:$B$32,G$6) -> 188
A9: 周三 | B9: =SUMIFS(热力图数据!$E$2:$E$32,热力图数据!$A$2:$A$32,$A9,热力图数据!$B$2:$B$32,B$6) -> 72 | C9: =SUMIFS(热力图数据!$E$2:$E$32,热力图数据!$A$2:$A$32,$A9,热力图数据!$B$2:$B$32,C$6) -> 112 | D9: =SUMIFS(热力图数据!$E$2:$E$32,热力图数据!$A$2:$A$32,$A9,热力图数据!$B$2:$B$32,D$6) -> 148 | E9: =SUMIFS(热力图数据!$E$2:$E$32,热力图数据!$A$2:$A$32,$A9,热力图数据!$B$2:$B$32,E$6) -> 238 | F9: =SUMIFS(热力图数据!$E$2:$E$32,热力图数据!$A$2:$A$32,$A9,热力图数据!$B$2:$B$32,F$6) -> 252 | G9: =SUMIFS(热力图数据!$E$2:$E$32,热力图数据!$A$2:$A$32,$A9,热力图数据!$B$2:$B$32,G$6) -> 172
A10: 周四 | B10: =SUMIFS(热力图数据!$E$2:$E$32,热力图数据!$A$2:$A$32,$A10,热力图数据!$B$2:$B$32,B$6) -> 64 | C10: =SUMIFS(热力图数据!$E$2:$E$32,热力图数据!$A$2:$A$32,$A10,热力图数据!$B$2:$B$32,C$6) -> 104 | D10: =SUMIFS(热力图数据!$E$2:$E$32,热力图数据!$A$2:$A$32,$A10,热力图数据!$B$2:$B$32,D$6) -> 132 | E10: =SUMIFS(热力图数据!$E$2:$E$32,热力图数据!$A$2:$A$32,$A10,热力图数据!$B$2:$B$32,E$6) -> 184 | F10: =SUMIFS(热力图数据!$E$2:$E$32,热力图数据!$A$2:$A$32,$A10,热力图数据!$B$2:$B$32,F$6) -> 226 | G10: =SUMIFS(热力图数据!$E$2:$E$32,热力图数据!$A$2:$A$32,$A10,热力图数据!$B$2:$B$32,G$6) -> 160
A11: 周五 | B11: =SUMIFS(热力图数据!$E$2:$E$32,热力图数据!$A$2:$A$32,$A11,热力图数据!$B$2:$B$32,B$6) -> 88 | C11: =SUMIFS(热力图数据!$E$2:$E$32,热力图数据!$A$2:$A$32,$A11,热力图数据!$B$2:$B$32,C$6) -> 138 | D11: =SUMIFS(热力图数据!$E$2:$E$32,热力图数据!$A$2:$A$32,$A11,热力图数据!$B$2:$B$32,D$6) -> 196 | E11: =SUMIFS(热力图数据!$E$2:$E$32,热力图数据!$A$2:$A$32,$A11,热力图数据!$B$2:$B$32,E$6) -> 260 | F11: =SUMIFS(热力图数据!$E$2:$E$32,热力图数据!$A$2:$A$32,$A11,热力图数据!$B$2:$B$32,F$6) -> 288 | G11: =SUMIFS(热力图数据!$E$2:$E$32,热力图数据!$A$2:$A$32,$A11,热力图数据!$B$2:$B$32,G$6) -> 214

Sheet 使用说明
A1: 热力图测试说明
A3: 推荐绑定 | B3: 字段 | C3: 作用 | D3: 说明
A4: 数据集 | B4: heatmap_sample | C4: 数据来源 | D4: 上传本文件后选择第一张工作表数据
A5: 行维度 | B5: 星期 | C5: 纵向分组 | D5: 热力图左侧行标签
A6: 列维度 | B6: 时段 | C6: 横向分组 | D6: 热力图顶部列标签
A7: 指标 | B7: 访客数 | C7: 颜色强度 | D7: 同一行列组合下的访客数会按 sum 聚合
A8: 可替代指标 | B8: 订单数、销售额、转化率 | C8: 指标切换 | D8: 转化率建议用 avg 聚合
A9: 注意 | B9: 第一张表 | C9: 用于系统导入 | D9: 请不要把使用说明工作表移到第一位
